M_S,obs_med,sig2_lo,sig1_lo,exp_med,sig1_hi,sig2_hi
7.00,12.270016,12.700905,19.674964,24.634545,35.768452,49.141435
7.25,7.941817,8.055979,9.282781,14.681506,19.909159,27.408014
7.50,5.087609,5.114725,5.271847,8.887466,11.260876,15.937114
7.75,3.306680,3.262400,4.635482,6.285043,9.309416,13.217193
8.00,3.619540,2.663896,3.713524,5.289627,7.867551,11.808655
8.25,3.438880,2.082332,2.589245,4.053674,6.370695,9.981454
8.50,3.554981,1.437623,2.100501,3.288977,5.398438,8.727634
8.75,3.655724,1.163533,1.711079,2.817264,4.812409,7.974592
