M_S,SIG,SIGMA_SIG,BKG,SIGMA_BKG
7.0,207.8655,0.4401214,5.814,1.763
7.25,134.7193,0.1455722,4.7899,0.70315
7.5,86.059,0.107212,2.3165,0.67223
7.75,54.0471,0.03238439,1.4916,0.25271
8.0,33.57045,0.04658147,0.7952,0.3092
8.25,20.48606,0.01611356,0.3977,0.1056
8.5,12.23931,0.0140769,0.19974,0.077223
8.75,7.174603,0.003643742,0.10842,0.018029
