M_S,SIG,SIGMA_SIG,BKG,SIGMA_BKG
7.0,175.4042,0.4568154,1.555,1.03
7.25,113.8927,0.1702194,0.7533,0.6631
7.5,73.0776,0.214484,0.4439,0.2343
7.75,45.7637,0.143626,0.2763,0.2445
8.0,28.57261,0.05702752,0.12911,0.08872
8.25,17.44912,0.04985269,0.10674,0.080558
8.5,10.44346,0.01983815,0.02712,0.02357
8.75,6.122741,0.006385684,0.02186,0.01779
